Name,Area,Cuisine,Rating,Rating Count,Price,Availability
Dining Out,N/A,N/A,N/A,N/A,N/A,Delivery
The House Of Jeera,N/A,"Continental, Oriental, Burger, Modern Indian, Pizza, Asian, Desserts, Alcoholic Beverages",N/A,N/A,"Promoted
Flat 15% OFF
The House Of Jeera
4.4
Continental, North Indian, Chinese
₹1,400 for two
Baner, Pune
432 m
Promoted
Chug Biergarten
4.5
Continental, Oriental, Burger, Modern Indian, Pizza, Asian, Desserts, Alcoholic Beverages
₹1,500 for two
Baner, Pune
1.2 km
Promoted
Flat 15% OFF
Barrio Roof Top Kitchen And Bar
4.4
North Indian, Oriental, Chinese, Biryani, Pizza, Pasta, Seafood, Desserts
₹1,800 for two
Pimple Saudagar, Pune
Closes in 1 hour 49 minutes
4.1 km",N/A
Yeti - The Himalayan Kitchen,N/A,Yeti - The Himalayan Kitchen,N/A,N/A,"Promoted
Flat 10% OFF
Yeti - The Himalayan Kitchen
4.2
Nepalese, Tibetan, Chinese, Momos, Beverages, Asian, Shake, Healthy Food
₹1,400 for two
Aundh, Pune
1.2 km
Promoted
Skylo 9
New
North Indian, Continental, Fast Food
₹1,300 for two
Wakad, Pune
3.3 km
Promoted
Flat 10% OFF
Effingut Bistro
4.4
Asian, Continental, Finger Food, Beverages, Desserts
₹1,800 for two
Balewadi, Pune
948 m",N/A
BOB And Brews,N/A,"Finger Food, North Indian, Seafood, Chinese",N/A,N/A,"Promoted
BOB And Brews
4.1
Finger Food, North Indian, Seafood, Chinese
₹1,200 for two
Baner, Pune
1.4 km
Promoted
1BHK Superbar
4.4
North Indian, Asian, Italian, European, Continental, Mediterranean, American, Seafood
₹1,800 for two
Baner, Pune
1.1 km
Promoted
Ouza Cocktail Bar & Kitchen
4.2
Mediterranean, Asian, Modern Indian, European, Desserts, Salad
₹1,000 for two
Baner, Pune
2.1 km",N/A
Tales & Spirits - Hunters Bistro,N/A,"Italian, Continental, North Indian, Biryani, Pizza, Fast Food, Desserts, Beverages",N/A,N/A,"Promoted
Flat 10% OFF
Tales & Spirits - Hunters Bistro
4.3
Italian, Continental, North Indian, Biryani, Pizza, Fast Food, Desserts, Beverages
₹1,450 for two
Balewadi, Pune
1.4 km
Promoted
Flat 15% OFF
Mekong Folks
4.6
Asian, Cantonese, Sushi, Japanese, Chinese, Salad, Seafood, Beverages
₹2,000 for two
Balewadi, Pune
1.2 km
Promoted
Flat 30% OFF
I'M Lion
4.4
Seafood, Maharashtrian
₹2,000 for two
Mahalunge, Pune
1.6 km",N/A
Circle Of Crust,N/A,"Pizza, Fast Food, Cafe, Desserts, Shake, Beverages",N/A,N/A,"Promoted
Flat 20% OFF
Circle Of Crust
4.3
Pizza, Fast Food, Cafe, Desserts, Shake, Beverages
₹400 for two
Baner, Pune
673 m
Promoted
Flat 15% OFF
Rhythm Rooftop Kitchen & Bar
4.3
North Indian, Continental, Oriental, Chinese, Fast Food, Biryani
₹1,400 for two
Pimple Saudagar, Pune
4.5 km
Promoted
Flat 20% OFF
The Barkhana
4.6
Bar Food, Mughlai, Chinese, North Indian, Fast Food, Desserts, Beverages, Sichuan
₹2,000 for two
Wakad, Pune
4.4 km",N/A
Soy Affair,N/A,"Asian, Chinese, Sushi, Seafood, Beverages",N/A,N/A,"Promoted
Flat 10% OFF
Soy Affair
4.5
Asian, Chinese, Sushi, Seafood, Beverages
₹1,000 for two
Baner, Pune
Closes in 1 hour 19 minutes
878 m
Aloraa Garden Kitchen & Bar
4.4
Maharashtrian, Continental, Chinese, Kebab, Biryani, Fast Food, Desserts, Bar Food
₹1,500 for two
Baner, Pune
Closes in 1 hour 49 minutes
1.6 km
Promoted
Flat 10% OFF
Azzurro
4.1
Fast Food, Chinese, North Indian, Biryani, Continental, Asian, Desserts, Beverages
₹1,200 for two
Pimple Nilakh, Pune
3.2 km",N/A
Teera,N/A,"North Indian, Continental, Mughlai, Chinese, Fast Food, Desserts, Beverages, Shake",N/A,N/A,"Flat 15% OFF
Teera
4.1
North Indian, Continental, Mughlai, Chinese, Fast Food, Desserts, Beverages, Shake
₹1,800 for two
Wakad, Pune
3.3 km
Promoted
Flat 15% OFF
Pasco - An Epitome Of Wine & Dine
4.4
North Indian, Italian, Seafood, Chinese, Oriental, Kebab, Biryani, Desserts
₹1,700 for two
Pimple Saudagar, Pune
4.1 km
Flat 25% OFF
Cherie
4.6
Asian, Modern Indian, Chinese, Italian, Salad, Continental, Desserts
₹1,900 for two
Hinjawadi, Pune
4.4 km",Pasco - An Epitome Of Wine & Dine
Tetto Manhattan,N/A,"Bar Food, Beverages",N/A,N/A,"Promoted
Flat 15% OFF
Tetto Manhattan
4.2
Bar Food, Beverages
₹1,000 for two
Pimple Nilakh, Pune
2.4 km
Elephant & Co.
4.5
Continental, Salad, Asian, Italian, Desserts, Beverages
₹2,000 for two
Baner, Pune
512 m
Promoted
Copa Villa
4.4
North Indian, Asian, Continental, Salad, Seafood, Pasta, Pizza, Oriental
₹1,400 for two
Pimple Nilakh, Pune
3.6 km",N/A
Akasa Poolbar & Kitchen,N/A,Akasa Poolbar & Kitchen,N/A,N/A,"Flat 20% OFF
Akasa Poolbar & Kitchen
4.1
Continental, North Indian, Bar Food, Asian, Italian
₹2,000 for two
Wakad, Pune
3.8 km
Promoted
Flat 10% OFF
The Gazebo World Of Veg
3.9
North Indian, Continental, Mexican, Thai, Oriental, Italian, Desserts, Beverages
₹800 for two
Wakad, Pune
3.7 km
The Boho House Cocktail Bar
4.0
North Indian, Fast Food
₹1,400 for two
Balewadi, Pune
1.6 km",N/A
Eight,N/A,"Chinese, Rolls, Oriental, Seafood, North Indian, Mughlai, Desserts, Beverages",N/A,N/A,"Promoted
Eight
4.5
Chinese, Sushi, Asian, Japanese, Desserts
₹2,000 for two
Wakad, Pune
4.9 km
Saundarya Garden
3.7
Chinese, Rolls, Oriental, Seafood, North Indian, Mughlai, Desserts, Beverages
₹1,400 for two
Wakad, Pune
4.5 km
Promoted
Flat 10% OFF
The Blue Plate
4.4
Continental, Pasta, Pizza, Salad, Italian, Desserts, Beverages
₹800 for two
Aundh, Pune
3 km",N/A
Gong,N/A,"Cafe, Sandwich, Pasta, Salad, Continental, Healthy Food, Desserts, Beverages",N/A,N/A,"Flat 10% OFF
Gong
4.7
Chinese, Sushi, Asian, Japanese, Thai, Salad, Desserts, Beverages
₹2,000 for two
Baner, Pune
Closes in 1 hour 19 minutes
1.3 km
Promoted
Yolkshire
4.3
Cafe, Sandwich, Pasta, Salad, Continental, Healthy Food, Desserts, Beverages
₹700 for two
Pimple Saudagar, Pune
4.5 km
Flat 30% OFF
OleOle - The Luxurious Club
4.5
Bar Food, North Indian, Continental, Alcoholic Beverages, Finger Food, Chinese, Pizza, Seafood
₹1,200 for two
Baner, Pune
2.1 km",N/A
You Mee,N/A,"North Indian, Kebab, Biryani, Mughlai, Desserts, Beverages",N/A,N/A,"Promoted
Flat 20% OFF
You Mee
4.5
Asian, Japanese, Sushi, Desserts, Beverages
₹2,000 for two
Wakad, Pune
4.9 km
Copper Chimney
4.4
North Indian, Kebab, Biryani, Mughlai, Desserts, Beverages
₹1,600 for two
Wakad, Pune
Closes in 1 hour 49 minutes
4.9 km
Promoted
Falahaar
4.0
Sandwich, Pizza, Street Food, Shake, Beverages, Juices, Desserts
₹450 for two
Baner, Pune
2.8 km",N/A
Rio Kitchen & Bar,N/A,Rio Kitchen & Bar,N/A,N/A,"Flat 50% OFF
Rio Kitchen & Bar
4.0
Chinese, Continental, Pasta, North Indian, Salad, BBQ, Fast Food, Beverages
₹1,400 for two
Hinjawadi, Pune
Opens at 4pm
4.9 km
Promoted
Flat 10% OFF
The Paraiso
New
Continental, Chinese, North Indian, Fast Food, Alcoholic Beverages, BBQ, Desserts, Beverages
₹1,500 for two
Hinjawadi, Pune
4.8 km
Flat 50% OFF
Spice Factory
4.1
North Indian, Mughlai, Chinese, Biryani, Pizza, Pasta, Beverages
₹1,800 for two
Hinjawadi, Pune
4.4 km",Opens at 4pm
Hotel Saudagar,N/A,"North Indian, Mughlai, Chinese, Seafood, Kebab, Biryani, Desserts, Beverages",N/A,N/A,"Promoted
Flat 15% OFF
Hotel Saudagar
3.9
North Indian, Mughlai, Chinese, Seafood, Kebab, Biryani, Desserts, Beverages
₹1,000 for two
Pimple Saudagar, Pune
4 km
The Gulmohar Bar & Curry House
4.5
North Indian, South Indian, Biryani, Seafood
₹1,500 for two
Baner, Pune
1.3 km
Flat 15% OFF
Circuit House
4.4
North Indian, Italian, Continental, Chinese, Mughlai, Desserts, Beverages
₹2,000 for two
Balewadi, Pune
1.4 km",N/A
Ishaara,N/A,"Biryani, North Indian, Kebab, Mughlai, Desserts",N/A,N/A,"Flat 10% OFF
Ishaara
4.5
Biryani, North Indian, Kebab, Mughlai, Desserts
₹1,400 for two
Wakad, Pune
4.9 km
Ava Artisan Kitchen & Bar
4.5
North Indian, Chinese, Continental, Sushi, Asian, Italian
₹1,200 for two
Balewadi, Pune
1.7 km
Prem's
4.5
North Indian, Chinese, Continental, Pizza, Pasta, Sichuan
₹1,600 for two
Baner, Pune
610 m",N/A
Yakii,N/A,"North Indian, Mexican, Italian, Oriental, Mughlai, Seafood, Chinese, Desserts",N/A,N/A,"Yakii
4.4
Asian, Thai, Sushi, Desserts, Beverages
₹1,500 for two
Balewadi, Pune
1.4 km
Flat 10% OFF
Nieesh
4.3
North Indian, Mexican, Italian, Oriental, Mughlai, Seafood, Chinese, Desserts
₹1,400 for two
Wakad, Pune
Closes in 49 minutes
4.4 km
Flat 30% OFF
Makaira Kitchen & Bar
4.3
Chinese, Kebab, Italian, Continental, Biryani, Maharashtrian, North Indian
₹1,500 for two
Wakad, Pune
4.1 km",N/A
YOLO Gastro Lounge,N/A,"Finger Food, North Indian, Continental, Desserts, Bar Food, Beverages",N/A,N/A,"Flat 50% OFF
YOLO Gastro Lounge
4.2
Finger Food, North Indian, Continental, Desserts, Bar Food, Beverages
₹1,900 for two
Pimple Nilakh, Pune
3.9 km
Masala Mehfil
4.4
Maharashtrian, North Indian, Seafood, Biryani, Beverages, Alcoholic Beverages
₹1,200 for two
Baner, Pune
774 m
Flat 10% OFF
Flow
4.5
Modern Indian, European, Continental, Italian, Pizza, Alcoholic Beverages, Beverages, Desserts
₹1,200 for two
Baner, Pune
1.4 km",N/A
Independence Brewing Company,N/A,"American, Continental, Pizza, Fast Food, Salad, Beverages",N/A,N/A,"Flat 10% OFF
Independence Brewing Company
4.4
American, Continental, Pizza, Fast Food, Salad, Beverages
₹2,500 for two
Balewadi, Pune
1.4 km
Flat 45% OFF
Publiq
4.0
Asian, North Indian, Italian, Chinese, Biryani, Kebab, Salad, Beverages
₹2,000 for two
Wakad, Pune
4.5 km
Flat 50% OFF
Thikana
4.2
North Indian, Italian, Pasta, Continental, Pizza, Biryani, Beverages
₹1,800 for two
Hinjawadi, Pune
4.4 km",N/A
